"id","route","driver_name","driver_last_name","phone","car_description","car_brand"
1,"spinka","Ambrose","Kreiger","844.360.3280","NETBWA9E","Mercedes-Benz"
2,"ankunding","Kaya","Walker","+16788241814","JFXZHQC3","BMW"
3,"crona","Maya","Dooley","+15203231734","BVVYWC60X6G","BMW"
5,"deckow","Alta","Schuppe","+18656276109","DVDKNSYL","BMW"
6,"abshire","Ephraim","Funk","+13607405754","LGGRHH8M","Mercedes-Benz"
7,"marquardt","Juvenal","Raynor","+19849312879","YPMAXOC7","Lexus"
9,"connelly","Neva","Denesik","+16788568858","KVDMZQTH","Ford"
12,"heaney","Weston","Hoppe","+16603415084","DDOLJM33","Seat"
13,"gutmann","Ivy","Bartell","+19866897322","XOOWCDOH","Renault"
14,"osinski","Wilford","Boyle","+19729217628","EHJFNDXDPIT","Lexus"
16,"bins","Houston","Friesen","+14159992468","HOPYLOXRGWX","Lexus"
19,"goodwin","Ward","McLaughlin","+19566861185","YOHQQDF038I","Lexus"
21,"altenwerth","Kaleigh","Johns","+13807924803","UIMCZDFW3JW","Renault"
23,"corkery","Petra","Medhurst","+19094714719","NXMZSSQ6","Seat"
24,"wehner","Everett","Jacobi","+14808323216","YYBXOSCXEBH","Renault"
25,"greenfelder","Boris","Pagac","+15858775770","XVFKVJI9CRD","Audi"
32,"boehm","Cleta","Tillman","+17329703696","ENATSLPL","Lexus"
33,"hirthe","Jonas","Effertz","+16573952496","RTVBLQQ7IWB","Lexus"
34,"tromp","Libby","Purdy","+17437379049","XDKSYOFYX8D","Ford"
35,"baumbach","Matilde","Eichmann","+15176287654","XDKSYOFYX8D","Ford"
36,"marquardt","Julie","Sawayn","+18726015890","GEGGMLDN","Mercedes-Benz"
37,"emmerich","Kelli","Osinski","+18628443096","PLNUGHSMFMR","Lexus"
38,"nader","Lindsay","VonRueden","+15855304676","MPOMCRZE","Audi"
44,"corkery","Adella","Dietrich","+13166740394","WZSSBM2IAUP","Renault"
45,"graham","Harmony","Streich","+12392481316","NILTFX8C23G","Renault"
49,"kohler","Jewell","Huel","+15132934303","NSBGYAE5","Opel"
51,"schulist","Bria","O'Keefe","+12767499101","VZJSRXW4","Lexus"
53,"turcotte","Jazmyn","Beatty","+12725134118","LBFFUWNDHM6","Opel"
62,"hyatt","Liana","Gutmann","+12395857500","HGUHMKYLFPS","Opel"
63,"rodriguez","Kiara","Nolan","1-877-749-6035","EWCDOJXZNND","Mercedes-Benz"
65,"wyman","Bell","Corkery","+13315186921","FFEQGZE3","BMW"
66,"heaney","Nia","Heidenreich","+16897925018","HPAZQSZ390W","Mercedes-Benz"
69,"hamill","Pink","Carroll","+17317840046","YEMSLYBTOLH","BMW"
71,"shanahan","Alan","Goodwin","+18319476486","ZZXTEKM7","Audi"
72,"watsica","Brittany","Hintz","+17755049013","FDQYRXTLFWF","Mercedes-Benz"
75,"muller","Lawson","Dibbert","+16034559956","OULOZMUD","Audi"
76,"ortiz","Julie","Sawayn","+18726015890","YAJFPANBBA6","Seat"
77,"macejkovic","Clarabelle","Weissnat","+15674777846","FSLLCYMX","Renault"
80,"fisher","Shyanne","Lynch","+13039467009","PJLYDV0R","Mercedes-Benz"
82,"towne","Kamren","Conn","+14072865551","NHWCCZET","Renault"
85,"abernathy","Stevie","Donnelly","+17543662414","ABKXUBGMAQI","Opel"
86,"prohaska","Juvenal","Raynor","+19849312879","YQAMJYTD","Seat"
88,"heathcote","Matt","Gottlieb","+13219762512","YCQJLVDC57D","Lexus"
99,"gleason","Jonas","Effertz","+16573952496","FFYUVX0IIG4","Opel"
101,"hahn","Jonathon","Wehner","+19208723688","CQQCFSZ3","Lexus"
